chatrenlavenvanscenaristecrusomwaaitlaat,141
chatwelnavenvanscenaristecrusomraaitlaat,141
chatrelnavenvanscenaristecrusomwaaitlaat,141
chatrenlavenvatscenaristecrusomwaaitlaan,141
chatrelnavenvatscenaristecrusomwaaitlaan,141
chatralnevenvatscenaristecrusomwaaitlaan,141
chatlelnavenvatscenaristecrusomwaaitraan,141
chatlelnavenvatscenaristecrusomraaitwaan,141
chatwelnavenvatscenaristecrusomlaaitraan,141
chatwelnavenvatscenaristecrusomraaitlaan,141
chatrelnavenvatscenaristecrusomlaaitwaan,141
chatwenlavenvatscenaristecrusomraaitlaan,141
chatwenlavenvatscenaristecrusomlaaitraan,141
chatralnevenvanscenaristecrusomwaaitlaat,141
chatwalnevenvatscenaristecrusomraaitlaan,141
chatwelnavenvanscenaristecrusomlaaitraat,141
chatwalnevenvanscenaristecrusomraaitlaat,141
chatwalnevenvanscenaristecrusomlaaitraat,141
achtwelnavenvanscenaristecrusomraaitlaat,141
achtwelnavenvatscenaristecrusomraaitlaan,141
chatralnevenvatscenaristecrusomlaaitwaan,141
chatwenlavenvanscenaristecrusomraaitlaat,141
chatwanlevenvanscenaristecrusomraaitlaat,141
chatwalnevenvatscenaristecrusomlaaitraan,141
achtwalnevenvatscenaristecrusomlaaitraan,141
achtwalnevenvanscenaristecrusomlaaitraat,141
achtwelnavenvatscenaristecrusomlaaitraan,141
achtwalnevenvatscenaristecrusomraaitlaan,141
achtwelnavenvanscenaristecrusomlaaitraat,141
achtlalnevenvanscenaristecrusomwaaitraat,141
chatlalnevenvanscenaristecrusomwaaitraat,141
achtwenlavenvanscenaristecrusomlaaitraat,141
achtwanlevenvanscenaristecrusomlaaitraat,141
achtwanlevenvatscenaristecrusomlaaitraan,141
achtlalnevenvatscenaristecrusomwaaitraan,141
chatwanlevenvatscenaristecrusomlaaitraan,141
achtwenlavenvatscenaristecrusomlaaitraan,141
chatlalnevenvatscenaristecrusomwaaitraan,141
achtlelnavenvatscenaristecrusomwaaitraan,141
achtrenlavenvatscenaristecrusomlaaitwaan,141
achtrelnavenvatscenaristecrusomlaaitwaan,141
chatrenlavenvatscenaristecrusomlaaitwaan,141
achtralnevenvatscenaristecrusomwaaitlaan,141
chatwenlavenvanscenaristecrusomlaaitraat,141
chatwanlevenvanscenaristecrusomlaaitraat,141
achtwalnevenvanscenaristecrusomraaitlaat,141
chatlalnevenvatscenaristecrusomraaitwaan,141
achtlalnevenvatscenaristecrusomraaitwaan,141
achtralnevenvanscenaristecrusomwaaitlaat,141
chatlelnavenvanscenaristecrusomwaaitraat,141
chatwanlevenvatscenaristecrusomraaitlaan,141
iaatralnevenvanscenaristecrusomwachtlaat,141
iaatralnevenvatscenaristecrusomwachtlaan,141
iaatlalnevenvanscenaristecrusomwachtraat,141
iaatwalnevenvanscenaristecrusomlachtraat,141
iaatwalnevenvatscenaristecrusomlachtraan,141
iaatrelnavenvanscenaristecrusomwachtlaat,141
iaatrelnavenvatscenaristecrusomwachtlaan,141
iaatralnevenvatscenaristecrusomlachtwaan,141
aaitralnevenvanscenaristecrusomwachtlaat,141
aaitralnevenvatscenaristecrusomwachtlaan,141
aaitralnevenvatscenaristecrusomlachtwaan,141
aaitrelnavenvatscenaristecrusomwachtlaan,141
aaitrelnavenvanscenaristecrusomwachtlaat,141
aaitlalnevenvanscenaristecrusomwachtraat,141
aaitlelnavenvanscenaristecrusomwachtraat,141
iaatlelnavenvanscenaristecrusomwachtraat,141
iaatrenlavenvatscenaristecrusomwachtlaan,141
iaatrenlavenvanscenaristecrusomwachtlaat,141
aaitrenlavenvanscenaristecrusomwachtlaat,141
aaitrenlavenvatscenaristecrusomwachtlaan,141
aaitwelnavenvanscenaristecrusomlachtraat,141
iaatrelnavenvatscenaristecrusomlachtwaan,141
iaatwelnavenvatscenaristecrusomlachtraan,141
iaatrenlavenvatscenaristecrusomlachtwaan,141
iaatwenlavenvatscenaristecrusomlachtraan,141
aaitrelnavenvatscenaristecrusomlachtwaan,141
iaatwanlevenvatscenaristecrusomlachtraan,141
iaatwanlevenvanscenaristecrusomlachtraat,141
iaatwenlavenvanscenaristecrusomlachtraat,141
iaatwelnavenvanscenaristecrusomlachtraat,141
chatwenlavenvanscenaristecruamoraaitlast,141
chatwelnavenvanscenaristecruamoraaitlast,141
achtlelnavenvanscenaristecrusomwaaitraat,141
achtrelnavenvatscenaristecrusomwaaitlaan,141
achtwenlavenvanscenaristecrusomraaitlaat,141
achtwenlavenvatscenaristecrusomraaitlaan,141
aaitwalnevenvatscenaristecrusomlachtraan,141
achtlelnavenvatscenaristecrusomraaitwaan,141
achtrenlavenvatscenaristecrusomwaaitlaan,141
achtwanlevenvatscenaristecrusomraaitlaan,141
achtralnevenvatscenaristecrusomlaaitwaan,141
achtwanlevenvanscenaristecrusomraaitlaat,141
achtrenlavenvanscenaristecrusomwaaitlaat,141
achtrelnavenvanscenaristecrusomwaaitlaat,141
aaitwalnevenvanscenaristecrusomlachtraat,141
aaitwelnavenvatscenaristecrusomlachtraan,141
aaitwanlevenvatscenaristecrusomlachtraan,141
aaitwenlavenvanscenaristecrusomlachtraat,141
aaitwanlevenvanscenaristecrusomlachtraat,141
aaitwenlavenvatscenaristecrusomlachtraan,141
aaitrenlavenvatscenaristecrusomlachtwaan,141
aaitarnlevenvatscenaristecrusomlachtwaan,141
achtwenlavenvanscenaristecruamoraaitlast,141
iaatwelnavenvanscenaristecruamorachtlast,141
achtwelnavenvanscenaristecruamoraaitlast,141
iaatwenlavenvanscenaristecruamorachtlast,141
iaatwanlevenvanscenaristecruamorachtlast,141
achtwalnevenvanscenaristecruamoraaitlast,141
achtwanlevenvanscenaristecruamoraaitlast,141
achtarnlevenvatscenaristecrusomlaaitwaan,141
achtrelnavenvanscenaristecruaamwaaitlost,141
achtralnevenvanscenaristecruaamwaaitlost,141
chatrelnavenvanscentrisacerusomwaaitlaat,140
chatrenlavenvanscentrisacerusomwaaitlaat,140
chatlelnavenvanscentrisacerusomwaaitraat,140
chatlalnevenvanscentrisacerusomwaaitraat,140
chatralnevenvanscentrisacerusomwaaitlaat,140
achtrenlavenvanscentrisacerusomwaaitlaat,140
achtlalnevenvanscentrisacerusomwaaitraat,140
chatlalnevenvastcentrisacerusomwaaitraan,140
achtralnevenvanscentrisacerusomwaaitlaat,140
achtlelnavenvanscentrisacerusomwaaitraat,140
achtrelnavenvanscentrisacerusomwaaitlaat,140
chatlelnavenvanscentairsecrusomwaaitraat,140
chatlalnevenvanscentairsecrusomwaaitraat,140
chatwelnavenvanscentsraiecrusomlaaitraat,140
achtwelnavenvanscentsraiecrusomlaaitraat,140
achtwalnevenvanscentsraiecrusomlaaitraat,140
chatlalnevenvanscentraisecrusomwaaitraat,140
chatlelnavenvanscentraisecrusomwaaitraat,140
challetnavenvanscenaristecrusomwaaitraat,140
challetnavenvatscenaristecrusomwaaitraan,140
chatralnevenvanscentraisecrusomwaaitlaat,140
iaatrelnavenvanscentsairecrusomwachtlaat,140
chatwenlavenvanscentsairecrusomraaitlaat,140
chatwenlavenvanscentairsecrusomraaitlaat,140
chatrenlavenvanscentairsecrusomwaaitlaat,140
chatwanlevenvanscentairsecrusomlaaitraat,140
achtlalnevenvanscentairsecrusomwaaitraat,140
achtlalnevenvastcentairsecrusomwaaitraan,140
achtwalnevenvastcentairsecrusomlaaitraan,140
achtlelnavenvastcentairsecrusomwaaitraan,140
achtralnevenvanscentairsecrusomwaaitlaat,140
achtlelnavenvanscentairsecrusomwaaitraat,140
achtwalnevenvanscentairsecrusomlaaitraat,140
achtwalnevenvanscentairsecrusomraaitlaat,140
aaitwalnevenvanscentsairecrusomlachtraat,140
iaatwelnavenvanscentsairecrusomlachtraat,140
aaitlalnevenvanscentsairecrusomwachtraat,140
iaatlalnevenvanscentsairecrusomwachtraat,140
iaatwalnevenvanscentsairecrusomlachtraat,140
aaitwelnavenvanscentsairecrusomlachtraat,140
iaatrenlavenvanscentsraiecrusomwachtlaat,140
iaatwanlevenvanscentsraiecrusomlachtraat,140
aaitrenlavenvanscentsraiecrusomwachtlaat,140
aaitrelnavenvanscentsariecrusomwachtlaat,140
achtwanlevenvanscentsariecrusomlaaitraat,140
achtwalnevenvanscentsariecrusomlaaitraat,140
achtwenlavenvanscentsariecrusomlaaitraat,140
achtwanlevenvanscentsariecrusomraaitlaat,140
achtwelnavenvanscentsariecrusomlaaitraat,140
achtwelnavenvanscentsariecrusomraaitlaat,140
achtwalnevenvastcentsariecrusomlaaitraan,140
achtwenlavenvanscentsariecrusomraaitlaat,140
achtwelnavenvastcentsariecrusomraaitlaan,140
achtwalnevenvanscentsariecrusomraaitlaat,140
achtwanlevenvastcentsariecrusomlaaitraan,140
achtwenlavenvastcentsariecrusomraaitlaan,140
achtwanlevenvanscentsraiecrusomraaitlaat,140
achtwalnevenvastcentsariecrusomraaitlaan,140
achtrelnavenvanscentsariecrusomwaaitlaat,140
achtwelnavenvanscentsraiecrusomraaitlaat,140
achtralnevenvanscentsariecrusomwaaitlaat,140
achtrenlavenvanscentraisecrusomwaaitlaat,140
achtrenlavenvanscentsariecrusomwaaitlaat,140
achtwelnavenvanscentsairecrusomraaitlaat,140
achtwenlavenvanscentsairecrusomraaitlaat,140
achtwenlavenvanscentsairecrusomlaaitraat,140
achtwenlavenvastcentsraiecrusomraaitlaan,140
achtwenlavenvanscentsraiecrusomraaitlaat,140
achtrenlavenvastcentrisacerusomwaaitlaan,140
achtrelnavenvanscentsairecrusomwaaitlaat,140
achtwalnevenvanscentsairecrusomraaitlaat,140
achtwelnavenvanscentairsecrusomraaitlaat,140
achtwelnavenvanscentairsecrusomlaaitraat,140
achtwelnavenvanscentairsecruamoraaitlast,140
chatwalnevenvanscentsariecrusomraaitlaat,140
achtwalnevenvanscentsraiecrusomraaitlaat,140
achtlelnavenvanscentsraiecrusomwaaitraat,140
achtlalnevenvanscentsraiecrusomwaaitraat,140
achtrelnavenvanscentsraiecrusomwaaitlaat,140
achtrenlavenvanscentsraiecrusomwaaitlaat,140
achtwenlavenvanscentsraiecrusomlaaitraat,140
achtlelnavenvanscentsariecrusomwaaitraat,140
achtralnevenvanscentsraiecrusomwaaitlaat,140
achtwanlevenvanscentsraiecrusomlaaitraat,140
achtwenlavenvanscentairsecrusomlaaitraat,140
chatwenlavenvanscentairsecrusomlaaitraat,140
achtwenlavenvastcentairsecrusomlaaitraan,140
achtwalnevenvanscentsairecrusomlaaitraat,140
achtwanlevenvanscentsairecrusomraaitlaat,140
achtwanlevenvanscentsairecrusomlaaitraat,140
achtlalnevenvanscentsariecrusomwaaitraat,140
achtlelnavenvanscentraisecrusomwaaitraat,140
achtralnevenvanscentraisecrusomwaaitlaat,140
achtlalnevenvanscentraisecrusomwaaitraat,140
achtrelnavenvanscentraisecrusomwaaitlaat,140
haaltintavevaasneenarsticcrusomfacitwant,139
haaltintavevaasneenrasticcrusomfacitwant,139
haaltintavevaasneenratsiccrusomfacitwant,139
haantiltavevaasneenrasticcrusomfacitwant,139
haantiltavevaasneenratsiccrusomfacitwant,139
haaltintavevaasneensarticcrusomfacitwant,139
haantiltavevaasneensarticcrusomfacitwant,139
haaltintavevaasneenartsiccrusomfacitwant,139
haantiltavevaasneenartsiccrusomfacitwant,139
haantiltavevaasneenarsticcrusomfacitwant,139
haantiltavevaasneentrasiccrusomfacitwant,139
haaltintavevaasneentrasiccrusomfacitwant,139
haaltintavevaansneerasticcrusomfacitwant,139
haantiltavevaansneesarticcrusomfacitwant,139
haantiltavevaansneearsticcrusomfacitwant,139
haaltintavevaansneeartsiccrusomfacitwant,139
haaltintavevaansneetrasiccrusomfacitwant,139
haaltintavevaansneeratsiccrusomfacitwant,139
haantiltavevaansneeratsiccrusomfacitwant,139
haantiltavevaansneeartsiccrusomfacitwant,139
haantiltavevaansneetrasiccrusomfacitwant,139
haaltintavevaansneearsticcrusomfacitwant,139
haaltintavevaansneesarticcrusomfacitwant,139
haantiltavevaansneerasticcrusomfacitwant,139
haattinlavavaasneentrasiccrusomfacitwent,139
haattinlavavaasneenratsiccrusomfacitwent,139
haattinlavavaasneenarsticcrusomfacitwent,139
haattinlavavaatneenarsticcrusomfacitwens,139
haattinlavavaasneenartsiccrusomfacitwent,139
haattinlavavaasneenrasticcrusomfacitwent,139
haattinlavavaatneenartsiccrusomfacitwens,139
haattinlavavaatneenrasticcrusomfacitwens,139
haattinlavavaanteenartsiccrusomfacitwens,139
haattinlavavaanteenarsticcrusomfacitwens,139
haattinlavavaanteentrasiccrusomfacitwens,139
haattinlavavaatneentrasiccrusomfacitwens,139
haattinlavavaanteenratsiccrusomfacitwens,139
haattinlavavaatneensarticcrusomfacitwens,139
haattinlavavaanteenrasticcrusomfacitwens,139
haatwinlavavaasneentrasiccrusomfacittent,139
haanwitlavavaasneentrasiccrusomfacittent,139
haatwinlavavaasneenarsticcrusomfacittent,139
haatwinlavavaasneenartsiccrusomfacittent,139
haattinlavavaanteensarticcrusomfacitwens,139
haattinlavavaasneensarticcrusomfacitwent,139
haatwinlavavaasneensarticcrusomfacittent,139
haatwinlavavaasneenrasticcrusomfacittent,139
haanwitlavavaasneensarticcrusomfacittent,139
haanwitlavavaasneenrasticcrusomfacittent,139
haatwinlavavaasneenratsiccrusomfacittent,139
haattinlavavaatneenratsiccrusomfacitwens,139
haanwitlavavaasneenarsticcrusomfacittent,139
haanwitlavavaasneenartsiccrusomfacittent,139
haanwitlavavaasneenratsiccrusomfacittent,139
haattinlavenvatneentrasiccrusomfacitwaas,139
haattinlavavaasneecistarncrusomfacitwent,139
haattinlavavaansneetrasiccrusomfacitwent,139
haattinlavavaansneeartsiccrusomfacitwent,139
haattinlavavaansneearsticcrusomfacitwent,139
haattinlavavaansneerasticcrusomfacitwent,139
haattinlavavaansneesarticcrusomfacitwent,139
haattinlavavaansneeratsiccrusomfacitwent,139
haatwinlavavaansneesarticcrusomfacittent,139
haatwinlavavaansneerasticcrusomfacittent,139
haatwinlavavaansneearsticcrusomfacittent,139
haatwinlavavaansneeartsiccrusomfacittent,139
haanwitlavavaansneearsticcrusomfacittent,139
haanwitlavavaansneesarticcrusomfacittent,139
haanwitlavavaansneeartsiccrusomfacittent,139
haatwinlavavaansneetrasiccrusomfacittent,139
haatwinlavavaansneeratsiccrusomfacittent,139
haanwitlavavaansneeratsiccrusomfacittent,139
haanwitlavavaansneerasticcrusomfacittent,139
haanwitlavavaansneetrasiccrusomfacittent,139
haatwinlavavaansecnisratecrusomfacittent,139
iaatrenlavavaasneenrasticcrusomlachtwent,139
iaatrenlavavaasneenarsticcrusomlachtwent,139
aaitrenlavavaasneenarsticcrusomlachtwent,139
haatwinlavavaanseceistarncrusomfacittent,139
haanwitlavavaansecnasritecrusomfacittent,139
haanwitlavavaansecnastriecrusomfacittent,139
aaitreltwounascentairsecrvsnavelachnamat,139
iaatreltwounascentairsecrvsnavelachnamat,139
aaitreltwounascentraisecrvsnavelachnamat,139
iaatreltwounascentraisecrvsnavelachnamat,139
aaitrentwounatcentraisecrvsnamelachlavas,139
achtreltwounascentraisecrvsnavelaainamat,139
chatreltwounascentraisecrvsnavelaainamat,139
iaatrentwounatcentraisecrvsnamelachlavas,139
chatreltwounascentairsecrvsnavelaainamat,139
aaitwanlemenvanscentrisacerusvolachtraat,139
aaitwalnemenvanscentrisacerusvolachtraat,139
chatwanlemenvanscentrisacerusvolaaitraat,139
iaatwanlemenvanscentrisacerusvolachtraat,139
iaatwalnemenvanscentrisacerusvolachtraat,139
iaatwelnamenvanscentrisacerusvolachtraat,139
achtwalnemenvanscentrisacerusvolaaitraat,139
achtwelnamenvanscentrisacerusvolaaitraat,139
achtwanlemenvanscentrisacerusvolaaitraat,139
chatwelnamenvanscentrisacerusvolaaitraat,139
chatwalnemenvanscentrisacerusvolaaitraat,139
aaitwelnamenvanscentrisacerusvolachtraat,139
iaatwenlavenvanscentrisacerusmolachtraat,139
iaatwelnavenvanscentrisacerusmolachtraat,139
aaitwelnavenvanscentrisacerusmolachtraat,139
iaatwalnevenvanscentrisacerusmolachtraat,139
aaitwalnevenvanscentrisacerusmolachtraat,139
iaatwelnavenvanscentrisacerusmorachtlaat,139
aaitwelnavenvanscentrisacerusmorachtlaat,139
iaatwalnevenvanscentrisacerusmorachtlaat,139
aaitwenlavenvanscentrisacerusmorachtlaat,139
aaitwenlavenvanscentrisacerusmolachtraat,139
chatwenlavenvanscentrisacerusmolaaitraat,139
aaitwanlevenvanscentrisacerusmolachtraat,139
chatwelnavenvanscentrisacerusmoraaitlaat,139
chatwelnavenvanscentrisacerusmolaaitraat,139
chatwenlavenvanscentrisacerusmoraaitlaat,139
chatwalnevenvanscentrisacerusmolaaitraat,139
chatwanlevenvanscentrisacerusmolaaitraat,139
chatwalnevenvanscentrisacerusmoraaitlaat,139
aaitwanlevenvanscentrisacerusmorachtlaat,139
chatwanlevenvanscentrisacerusmoraaitlaat,139
iaatwenlavenvanscentrisacerusmorachtlaat,139
iaatwanlevenvanscentrisacerusmorachtlaat,139
iaatwanlevenvanscentrisacerusmolachtraat,139
aaitwalnevenvanscentrisacerusmorachtlaat,139
chatlelnavenvanscentrisacerasomwaaitraut,139
chatwelnavenvanscentrasicerasomlaaitraut,139
chatlalnevenvanscentrisacerasomwaaitraut,139
achtlalnevenvanscentrisacerasomwaaitraut,139
chatlalnevenvanscentrasicerasomwaaitraut,139
achtlalnevenvanseentrasiccrusomwaaitraat,139
achtlalnevenvanscentrasicerasomwaaitraut,139
achtwalnevenvanscentrisacerusmolaaitraat,139
achtlelnavenvanscentrisacerasomwaaitraut,139
chatlelnavenvanscentrasicerasomwaaitraut,139
achtlelnavenvanscentrasicerasomwaaitraut,139
challetnavenvanscentrisacerusomwaaitraat,139
chatwalnevenvanscentrasicerasomlaaitraut,139
chatwanlevenvanscentrasicerasomlaaitraut,139
chatwalnevenvanseentrasiccrusomlaaitraat,139
chatlalnevenvanseentrasiccrusomwaaitraat,139
chatralnevenvanseentrasiccrusomwaaitlaat,139
chatlelnavenvanscentairsecrasomwaaitraut,139
chatwelnavenvanseenartsiccrusomlaaitraat,139
chatwelnavenvanseenartsiccrusomraaitlaat,139
chatwalnevenvanseenartsiccrusomlaaitraat,139
chatwalnevenvatneenartsiccrusomlaaitraas,139
chatwalnevenvansneeartsiccrusomlaaitraat,139
chatwelnavenvansneeartsiccrusomraaitlaat,139
achtwalnevenvansecnarsitecrusomlaaitraat,139
chatlalnevenvanseneartsiccrusomwaaitraat,139
challetnavenvanscentraisecrusomwaaitraat,139
iaatralnevenvansecnastriecrusomwachtlaat,139
chatwenlavenvanseenartsiccrusomlaaitraat,139
chatwenlavenvatsecnarsitecrusomlaaitraan,139
achtlalnevenvanscentairsecrasomwaaitraut,139
aaitwelnavenvatsecnarsitecrusomlachtraan,139
aaitwalnevenvanseenrasticcrusomlachtraat,139
aaitrelnavenvanseenrasticcrusomwachtlaat,139
aaitlelnavenvanseenrasticcrusomwachtraat,139
aaitwalnevenvansenerasticcrusomlachtraat,139
aaitwalnevenvansneerasticcrusomlachtraat,139
iaatrelnavenvanseenrasticcrusomwachtlaat,139
iaatwalnevenvanseenrasticcrusomlachtraat,139
aaitwelnavenvansecnastriecrusomlachtraat,139
aaitlelnavenvansecnarsitecrusomwachtraat,139
aaitrelnavenvansecnarsitecrusomwachtlaat,139
aaitrelnavenvansenerasticcrusomwachtlaat,139
aaitwelnavenvansenerasticcrusomlachtraat,139
aaitwelnavenvanseenrasticcrusomlachtraat,139
aaitrenlavenvansenerasticcrusomwachtlaat,139
aaitwanlevenvansenerasticcrusomlachtraat,139
iaatrenlavenvansenerasticcrusomwachtlaat,139
iaatrelnavenvansenerasticcrusomwachtlaat,139
aaitwenlavenvansenerasticcrusomlachtraat,139
aaitrenlavenvansneerasticcrusomwachtlaat,139
aaitrelnavenvansneerasticcrusomwachtlaat,139
iaatwenlavenvansneerasticcrusomlachtraat,139
aaitwanlevenvansneerasticcrusomlachtraat,139
iaatwalnevenvansenerasticcrusomlachtraat,139
iaatrenlavenvanseenarsticcrusomwachtlaat,139
iaatarnlevenvatscenaristecrusomlachtwaan,139
aaitrenlavenvatsecnastriecrusomlachtwaan,139
aaitwenlavenvatsecnastriecrusomlachtraan,139
aaitwanlevenvatsecnastriecrusomlachtraan,139
iaatarnlevenvatscenaristecrusomwachtlaan,139
achtwalnevenvatsecnasritecrusomlaaitraan,139
achtwalnevenvatsecnatrisecrusomlaaitraan,139
achtwanlevenvatsecnarsitecrusomlaaitraan,139
achtwenlavenvanseneratsiccrusomraaitlaat,139
achtrenlavenvansecnastriecrusomwaaitlaat,139
achtrelnavenvatsecnarsitecrusomwaaitlaan,139
achtrelnavenvanseneartsiccrusomwaaitlaat,139
achtwalnevenvanseneartsiccrusomraaitlaat,139
achtwalnevenvanscentairsecrusmoraaitlaat,139
achtwelnavenvanscentairsecrusmoraaitlaat,139
achtwelnavenvansecnarsitecrusomraaitlaat,139
achtwalnevenvansecnarsitecrusomraaitlaat,139
achtwelnavenvatsecnarsitecrusomraaitlaan,139
achtwelnavenvatsecnisartecrusomraaitlaan,139
achtwalnevenvatsecnarsitecrusomraaitlaan,139
achtwalnevenvatsecnarsitecrusomlaaitraan,139
achtrenlavenvatsecnarsitecrusomwaaitlaan,139
achtwanlevenvansecnarsitecrusomraaitlaat,139
achtwenlavenvansecnarsitecrusomraaitlaat,139
achtrenlavenvansecnarsitecrusomwaaitlaat,139
achtwenlavenvatsecnarsitecrusomraaitlaan,139
achtwanlevenvansecnarsitecrusomlaaitraat,139
achtlalnevenvatsecnarsitecrusomwaaitraan,139
achtwelnavenvansecnisartecrusomraaitlaat,139
achtwanlevenvatsecnarsitecrusomraaitlaan,139
achtwenlavenvansecnarsitecrusomlaaitraat,139
achtwenlavenvansecnisratecrusomlaaitraat,139
achtwenlavenvansecnasritecrusomlaaitraat,139
achtwenlavenvatsecnarsitecrusomlaaitraan,139
achtwanlevenvatsecnasritecrusomraaitlaan,139
achtwenlavenvatsecnasritecrusomraaitlaan,139
achtwanlevenvatsecnasritecrusomlaaitraan,139
achtwanlevenvansecnasritecrusomlaaitraat,139
achtwenlavenvansecnasritecrusomraaitlaat,139
achtwelnavenvansecnisartecrusomlaaitraat,139
achtralnevenvansecnarsitecrusomwaaitlaat,139
achtwalnevenvansecnasritecrusomlaaitraat,139
achtwanlevenvansecnasritecrusomraaitlaat,139
achtwalnevenvansecnasritecrusomraaitlaat,139
achtwalnevenvatsecnastriecrusomlaaitraan,139
achtwenlavenvatsecnastriecrusomraaitlaan,139
achtwenlavenvansecnastriecrusomraaitlaat,139
achtwelnavenvatsecnastriecrusomraaitlaan,139
achtwelnavenvansecnastriecrusomraaitlaat,139
achtwanlevenvatsecnastriecrusomlaaitraan,139
achtwanlevenvansecnastriecrusomlaaitraat,139
achtwalnevenvansecnastriecrusomlaaitraat,139
achtwelnavenvansenetrasiccrusomlaaitraat,139
achtwanlevenvanseenartsiccrusomraaitlaat,139
achtwanlevenvanseenartsiccrusomlaaitraat,139
achtwanlevenvansneeartsiccrusomraaitlaat,139
achtwalnevenvatsecnisratecrusomlaaitraan,139
achtwenlavenvatsecnatrisecrusomraaitlaan,139
achtwelnavenvatsecnatrisecrusomlaaitraan,139
achtwelnavenvatsecnatrisecrusomraaitlaan,139
achtwelnavenvatsecnarsitecrusomlaaitraan,139
achtlelnavenvatsecnarsitecrusomwaaitraan,139
achtlelnavenvatsecnarsitecrusomraaitwaan,139
achtrenlavenvatsecnarsitecrusomlaaitwaan,139
aaitwalnevenvatsecnarsitecrusomlachtraan,139
chatwalnevenvansecnarsitecrusomlaaitraat,139
achtwalnevenvansecnatrisecrusomlaaitraat,139
achtralnevenvatsecnarsitecrusomwaaitlaan,139
achtralnevenvatsecnarsitecrusomlaaitwaan,139
achtwalnevenvatsecnasritecrusomraaitlaan,139
achtwelnavenvansecnarsitecrusomlaaitraat,139
achtlalnevenvansecnarsitecrusomwaaitraat,139
achtlalnevenvasteenartsiccrusomwaaitraan,139
achtlalnevenvasteenarsticcrusomraaitwaan,139
achtlalnevenvasteenarsticcrusomwaaitraan,139
achtlelnavenvasteenartsiccrusomwaaitraan,139
achtlalnevenvasteenartsiccrusomraaitwaan,139
achtlelnavenvasteenarsticcrusomwaaitraan,139
achtwalnevenvasteenarsticcrusomraaitlaan,139
achtwalnevenvasteenarsticcrusomlaaitraan,139
achtlalnevenvanscentraisecrasomwaaitraut,139
ahaltintavevaasneenrasticcrusomfacitwant,138
ahaltintavevaasneensarticcrusomfacitwant,138
ahaltintavevaasneenratsiccrusomfacitwant,138
ahaltintavevaasneenartsiccrusomfacitwant,138
ahaltintavevaasneentrasiccrusomfacitwant,138
ahaltintavevaasneenarsticcrusomfacitwant,138
ahaltintavevaansneeratsiccrusomfacitwant,138
ahaltintavevaansneearsticcrusomfacitwant,138
ahaltintavevaansneerasticcrusomfacitwant,138
ahaltintavevaansneesarticcrusomfacitwant,138
ahaltintavevaansneeartsiccrusomfacitwant,138
haatreutwounascentairsecrvsnavelbicdamat,138
haatreutwounatcentairsecrvsnavelbicdamas,138
haatreutwounascentraisecrvsnavelbicdamat,138
haatreutwounatcentraisecrvsnavelbicdamas,138
haalrentwounatcentairsecrvsnavelticaamas,138
haalernawounatcentairsecrvsnaveltictamas,138
haalernawounascentairsecrvsnaveltictamat,138
haaternawounascentairsecrvsnavelticlamat,138
haalernawounatcentraisecrvsnaveltictamas,138
haaternawounatcentairsecrvsnavelticlamas,138
haalernawounascentraisecrvsnaveltictamat,138
haaternawounascentraisecrvsnavelticlamat,138
haalrentwounascentairsecrvsnavelticaamat,138
haaternawounatcentraisecrvsnavelticlamas,138
haaternawounatcentrisacervsnavelticlamas,138
haaternawounascentrisacervsnavelticlamat,138
haanreltwounascentairsecrvsnavelticaamat,138
haanreltwounatcentairsecrvsnavelticaamas,138
haalrentwounascentraisecrvsnavelticaamat,138
haalrentwounatcentraisecrvsnavelticaamas,138
haatreutwounatcentrisacervsnavelbicdamas,138
acidreutwounascentraisecrvsnavelbahtamat,138
acidreutwounatcentraisecrvsnavelbahtamas,138
acidreutwounatcentairsecrvsnavelbahtamas,138
acidreutwounascentairsecrvsnavelbahtamat,138
acidreutwounatcentrisacervsnavelbahtamas,138
acidreutwousoucentraisecaasnavelbahtamvp,138
acidreutwousoucentairsecaasnavelbahtamvp,138
acidreutwousoucentraisecpasnavelbahtamva,138
acidreutwousoucentairsecpasnavelbahtamva,138
acidreutwounascentrisacervsnavelbahtamat,138
achtrentwounascentairsecrvsnavelaailamat,138
aaitreltwounatcentairsecrvsnavelachnamas,138
aaitreltwounatcentraisecrvsnavelachnamas,138
aaitrentwounatcentairsecrvsnavelachlamas,138
aaitrentwounascentairsecrvsnavelachlamat,138
aaitrentwounatcentraisecrvsnavelachlamas,138
aaitrentwounascentraisecrvsnavelachlamat,138
iaatrentwounascentraisecrvsnavelachlamat,138
achtreltwounatcentraisecrvsnavelaainamas,138
iaatreltwounatcentraisecrvsnavelachnamas,138
iaatreltwounatcentairsecrvsnavelachnamas,138
chatreltwounatcentraisecrvsnavelaainamas,138
chatrentwounatcentraisecrvsnavelaailamas,138
chatrentwounascentraisecrvsnavelaailamat,138
iaatrentwounatcentraisecrvsnavelachlamas,138
chatreltwounatcentairsecrvsnavelaainamas,138
iaatrentwounatcentairsecrvsnavelachlamas,138
iaatrentwounascentairsecrvsnavelachlamat,138
chatrentwounascentairsecrvsnavelaailamat,138
achtrentwounascentraisecrvsnavelaailamat,138
haalwanarmenvanscentrisacerusvolticteaat,138
haalwanarmenvanscentrisacerasvolticteaut,138
ahalawnarmenvanscentrisacerusvolticteaat,138
ahalawnarmenvanscentrisacerasvolticteaut,138
haanwalarmenvanscentrisacerusvolticteaat,138
haanwalarmenvanscentrisacerasvolticteaut,138
ahanawlarvenvanscentrisacerusmolticteaat,138
haanwalarmenvanscentairsecrusvolticteaat,138
haanwalarmenvanscentairsecrasvolticteaut,138
haalwanarmenvanscentairsecrusvolticteaat,138
haalwanarmenvanscentairsecrasvolticteaut,138
ahalawnarmenvanscentairsecrusvolticteaat,138
ahanawlarvenvanscentairsecrusmolticteaat,138
ahalawnarmenvanscentairsecrasvolticteaut,138
ahalawnarmenvanscentraisecrusvolticteaat,138
haalwanarmenvanscentraisecrusvolticteaat,138
haanwaalevenvanscentrisacerasmoltictraut,138
haanwaalevenvanscentrisacerusmoltictraat,138
haatwalnemenvanscentrisacerasvolticaraut,138
haatwalnevenvanscentrisacerasmolticaraut,138
haalwatnemenvanscentrisacerasvolticaraut,138
haatwelnamenvanscentrisacerasvolticaraut,138
haalwatnevenvanscentrisacerasmolticaraut,138
haatwalnevenvanscentrisacerusmolticaraat,138
haatwelnavenvanscentrisacerasmolticaraut,138
haatwalnemenvanscentrisacerusvolticaraat,138
haatwanlevenvanscentrisacerasmolticaraut,138
haanwaltemenvanscentrisacerasvolticaraut,138
haanweltamenvanscentrisacerasvolticaraut,138
haanwaltevenvanscentrisacerasmolticaraut,138
haalwatnevenvanscentrisacerusmolticaraat,138
haatwelnamenvanscentrisacerusvolticaraat,138
haalwetnamenvanscentrisacerasvolticaraut,138
haanweltamenvanscentrisacerusvolticaraat,138
haanwatlevenvanscentrisacerasmolticaraut,138
haanwetlavenvanscentrisacerasmolticaraut,138
haatwelnavenvanscentrisacerusmolticaraat,138
haalwetnavenvanscentrisacerusmolticaraat,138
haanwaltevenvanscentrisacerusmolticaraat,138
haanwatlemenvanscentrisacerasvolticaraut,138
haalwantevenvanscentrisacerusmolticaraat,138
haalwantemenvanscentrisacerasvolticaraut,138
haalwetnavenvanscentrisacerasmolticaraut,138
haanwaltemenvanscentrisacerusvolticaraat,138
haalwetnamenvanscentrisacerusvolticaraat,138
haalwantemenvanscentrisacerusvolticaraat,138
haalwatnemenvanscentrisacerusvolticaraat,138
haalwantevenvanscentrisacerasmolticaraut,138
haanwatlevenvanscentrisacerusmolticaraat,138
haanwatlemenvanscentrisacerusvolticaraat,138
haatwanlevenvanscentrisacerusmolticaraat,138
haatwanlemenvanscentrisacerusvolticaraat,138
haalwaanevenvanscentrisacerusmoltictraat,138
haalwaanevenvanscentrisacerasmoltictraut,138
haanwetlavenvanscentrisacerusmolticaraat,138
haatwanlemenvanscentrisacerasvolticaraut,138
haatwenlavenvanscentrisacerasmolticaraut,138
haalwentamenvanscentrisacerusvolticaraat,138
haalwentamenvanscentrisacerasvolticaraut,138
haatwenlavenvanscentrisacerusmolticaraat,138
ahatwenlavenvanscentrisacerasmolticaraut,138
chatwenlavenvanscentrisacerasmolaaitraut,138
ahalawntemenvanscentrisacerasvolticaraut,138
ahalawntevenvanscentrisacerasmolticaraut,138
ahalawntevenvanscentrisacerusmolticaraat,138
ahatwenlavenvanscentrisacerusmolticaraat,138
aaitwanlemenvanscentrisacerasvolachtraut,138
iaatwanlemenvanscentrisacerasvolachtraut,138
aaitwalnemenvanscentrisacerasvolachtraut,138
iaatwalnemenvanscentrisacerasvolachtraut,138
aaitwelnamenvanscentrisacerasvolachtraut,138
achtwalnemenvanscentrisacerasvolaaitraut,138
achtwanlemenvanscentrisacerasvolaaitraut,138
iaatwelnamenvanscentrisacerasvolachtraut,138
achtwelnamenvanscentrisacerasvolaaitraut,138
chatwanlemenvanscentrisacerasvolaaitraut,138
chatwalnemenvanscentrisacerasvolaaitraut,138
aaitwelnavenvanscentrisacerasmolachtraut,138
aaitwalnevenvanscentrisacerasmolachtraut,138
iaatwelnavenvanscentrisacerasmolachtraut,138
iaatwalnevenvanscentrisacerasmolachtraut,138
aaitwenlavenvanscentrisacerasmolachtraut,138
aaitwanlevenvanscentrisacerasmolachtraut,138
chatwelnavenvanscentrisacerasmolaaitraut,138
chatwalnevenvanscentrisacerasmolaaitraut,138
chatwanlevenvanscentrisacerasmolaaitraut,138
challetnavenvanscentrasicerasomwaaitraut,138
challetnavenvanscentrisacerasomwaaitraut,138
haantiltavevastneensarticcrusomfacitwana,137
haaltintavevatsneenartsiccrusomfacitwana,137
haantiltavevatsneenartsiccrusomfacitwana,137
haaltintavevastneenrasticcrusomfacitwana,137
haaltintavevansteensarticcrusomfacitwana,137
haaltintavevansteenratsiccrusomfacitwana,137
haantiltavevansteenratsiccrusomfacitwana,137
haaltintavevastneenratsiccrusomfacitwana,137
haantiltavevastneenarsticcrusomfacitwana,137
haaltintavevastneenarsticcrusomfacitwana,137
haaltintavevastneensarticcrusomfacitwana,137
haaltintavevastneenartsiccrusomfacitwana,137
haantiltavevastneenartsiccrusomfacitwana,137
haantiltavevastneenratsiccrusomfacitwana,137
haantiltavevastneenrasticcrusomfacitwana,137
haaltintavevastneentrasiccrusomfacitwana,137
haantiltavevastneentrasiccrusomfacitwana,137
haaltintavevansteenarsticcrusomfacitwana,137
haantiltavevansteenarsticcrusomfacitwana,137
haaltintavevansteenrasticcrusomfacitwana,137
haaltintavevansteenartsiccrusomfacitwana,137
haantiltavevansteenrasticcrusomfacitwana,137
haantiltavevansteenartsiccrusomfacitwana,137
haaltintavevansteentrasiccrusomfacitwana,137
haantiltavevansteentrasiccrusomfacitwana,137
haantiltavevansteensarticcrusomfacitwana,137
haattinlavavatsneenartsiccrusomfacitwena,137
haattinlavavastneentrasiccrusomfacitwena,137
haattinlavavastneenarsticcrusomfacitwena,137
haatwinlavavansteenarsticcrusomfacittena,137
haatwinlavavansteentrasiccrusomfacittena,137
haattinlavavastneenartsiccrusomfacitwena,137
haattinlavavansteenartsiccrusomfacitwena,137
haattinlavavansteenratsiccrusomfacitwena,137
haatwinlavavansteenartsiccrusomfacittena,137
haattinlavavansteentrasiccrusomfacitwena,137
haatwinlavavansteenratsiccrusomfacittena,137
haatwinlavavastneenartsiccrusomfacittena,137
haattinlavavastneensarticcrusomfacitwena,137
haattinlavavastneenrasticcrusomfacitwena,137
haattinlavavastneenratsiccrusomfacitwena,137
haatwinlavavastneenrasticcrusomfacittena,137
haanwitlavavansteenartsiccrusomfacittena,137
haanwitlavavansteenrasticcrusomfacittena,137
haanwitlavavansteenarsticcrusomfacittena,137
haanwitlavavansteenratsiccrusomfacittena,137
haanwitlavavatsneenartsiccrusomfacittena,137
haatwinlavavatsneenartsiccrusomfacittena,137
haatwinlavavastneenratsiccrusomfacittena,137
haanwitlavavansteensarticcrusomfacittena,137
haatwinlavavansteenrasticcrusomfacittena,137
haatwinlavavastneentrasiccrusomfacittena,137
haattinlavavansteenrasticcrusomfacitwena,137
haatwinlavavansteensarticcrusomfacittena,137
haattinlavavansteensarticcrusomfacitwena,137
haatwinlavavastneenarsticcrusomfacittena,137
haanwitlavavastneenarsticcrusomfacittena,137
haanwitlavavastneenratsiccrusomfacittena,137
haattinlavavansteenarsticcrusomfacitwena,137
haatwinlavavansteecistarncrusomfacittena,137
haanwitlavavansteentrasiccrusomfacittena,137
haatwinlavavastneensarticcrusomfacittena,137
haanwitlavavastneenartsiccrusomfacittena,137
haanwitlavavastneentrasiccrusomfacittena,137
haanwitlavavastneenrasticcrusomfacittena,137
haanwitlavavastneensarticcrusomfacittena,137
ahadreutwounascentairsecrvsnavelticbamat,137
ahadreutwounascentairsecrvsnavelbictamat,137
ahadreutwounatcentairsecrvsnavelticbamas,137
ahadreutwounatcentairsecrvsnavelbictamas,137
ahadreutwounascentraisecrvsnavelbictamat,137
ahadreutwounatcentraisecrvsnavelbictamas,137
ahadreutwounatcentraisecrvsnavelticbamas,137
ahadreutwounascentraisecrvsnavelticbamat,137
ahalernawounatcentairsecrvsnaveltictamas,137
ahalernawounascentairsecrvsnaveltictamat,137
haaternawoutascentairsecrvsnavelticlaman,137
haaternawoutascentraisecrvsnavelticlaman,137
ahalernawounascentraisecrvsnaveltictamat,137
ahalernawounatcentraisecrvsnaveltictamas,137
haaternawoustacentairsecrvsnavelticlaman,137
haaternawoustacentrisacervsnavelticlaman,137
ahalrentwounascentairsecrvsnavelticaamat,137
haaternawouastcentairsecrvsnavelticlaman,137
haaternawoustacentraisecrvsnavelticlaman,137
ahalrentwounascentraisecrvsnavelticaamat,137
haaternawouastcentraisecrvsnavelticlaman,137
ahalrentwounatcentraisecrvsnavelticaamas,137
acidreutwoutascentraisecrvsnavelbahtaman,137
acidreutwouastcentraisecrvsnavelbahtaman,137
acidreutwoutascentairsecrvsnavelbahtaman,137
acidreutwouastcentairsecrvsnavelbahtaman,137
acidreutwoustacentairsecrvsnavelbahtaman,137
acidreutwoustacentraisecrvsnavelbahtaman,137
acidreutwoutascentrisacervsnavelbahtaman,137
achtreutwoutascentraisecrvsnaveldiabaman,137
aaitrentwoutascentraisecrvsnavelachlaman,137
aaitrentwounascentraisecrvsnamelachlavat,137
iaatrentwounascentraisecrvsnamelachlavat,137
chatrentwounascentraisecrvsnamelaailavat,137
iaatrentwoutascentairsecrvsnavelachlaman,137
iaatrentwounascentairsecrvsnamelachlavat,137
achtrentwoutascentraisecrvsnavelaailaman,137
iaatrentwoutascentraisecrvsnavelachlaman,137
aaitrentwoutascentraisecrvsnamelachlavan,137
iaatrentwoutascentraisecrvsnamelachlavan,137
ahalwanarmenvanscentrisacerusvolticteaat,137
ahalwanarmenvanscentrisacerasvolticteaut,137
ahanwalarmenvanscentrisacerusvolticteaat,137
ahanwalarmenvanscentrisacerasvolticteaut,137
ahanwalarmenvanscentairsecrusvolticteaat,137
ahalwanarmenvanscentairsecrusvolticteaat,137
ahadwaturmenvanscentairsecrusvolbicteaat,137
ahalwanarmenvanscentairsecrasvolticteaut,137
ahalalnawvenvanscentrisacerusmorticteaat,137
ahalwatnevenvanscentrisacerasmolticaraut,137
ahalwatnevenvanscentrisacerusmolticaraat,137
ahalwetnamenvanscentrisacerusvolticaraat,137
ahalwantevenvanscentrisacerasmolticaraut,137
ahalwatnemenvanscentrisacerusvolticaraat,137
ahalwaanevenvanscentrisacerusmoltictraat,137
ahalwaanevenvanscentrisacerasmoltictraut,137
ahalwentamenvanscentrisacerusvolticaraat,137
ahalwantemenvanscentrisacerasvolticaraut,137
ahalwantemenvanscentrisacerusvolticaraat,137
ahalwatnemenvanscentrisacerasvolticaraut,137
ahalwantevenvanscentrisacerusmolticaraat,137
ahalwetnamenvanscentrisacerasvolticaraut,137
ahalwetnavenvanscentrisacerasmolticaraut,137
ahalwetnavenvanscentrisacerusmolticaraat,137
ahalwentamenvanscentrisacerasvolticaraut,137
chatwatnevenvatscenaristecrusomraiallaan,137
achtwetnavenvatscenaristecrusomraiallaan,137
ahantiltavevaasneenrasticcrusomfacitwant,136
ahantiltavevaasneenarsticcrusomfacitwant,136
ahantiltavevaasneensarticcrusomfacitwant,136
ahantiltavevaasneenratsiccrusomfacitwant,136
ahantiltavevaasneenartsiccrusomfacitwant,136
ahantiltavevaasneentrasiccrusomfacitwant,136
ahaltintavevastneensarticcrusomfacitwana,136
ahaltintavevatsneenartsiccrusomfacitwana,136
ahaltintavevansteenratsiccrusomfacitwana,136
ahaltintavevansteenrasticcrusomfacitwana,136
ahaltintavevastneenarsticcrusomfacitwana,136
ahaltintavevansteenarsticcrusomfacitwana,136
ahaltintavevastneenratsiccrusomfacitwana,136
ahaltintavevastneenrasticcrusomfacitwana,136
ahantiltavevaansneearsticcrusomfacitwant,136
ahantiltavevaansneerasticcrusomfacitwant,136
ahantiltavevaansneeartsiccrusomfacitwant,136
ahaltintavevastneentrasiccrusomfacitwana,136
ahaltintavevastneenartsiccrusomfacitwana,136
ahaltintavevansteentrasiccrusomfacitwana,136
ahaltintavevansteenartsiccrusomfacitwana,136
ahanwitlavavaasneenrasticcrusomfacittent,136
ahanwitlavavaasneenarsticcrusomfacittent,136
ahanwitlavavaasneenratsiccrusomfacittent,136
ahanwitlavavaasneenartsiccrusomfacittent,136
ahanwitlavavaasneensarticcrusomfacittent,136
ahanwitlavavaansneearsticcrusomfacittent,136
ahanwitlavavaansneeratsiccrusomfacittent,136
ahanwitlavavaansneetrasiccrusomfacittent,136
ahanwitlavavaansneeartsiccrusomfacittent,136
ahanwitlavavaansneesarticcrusomfacittent,136
ahanwitlavavaansneerasticcrusomfacittent,136
ahanwitlavavaasneentrasiccrusomfacittent,136
ahadreutwouastcentairsecrvsnavelticbaman,136
ahadreutwoustacentairsecrvsnavelticbaman,136
ahadreutwouastcentraisecrvsnavelticbaman,136
ahadreutwoustacentraisecrvsnavelticbaman,136
ahadreutwoutascentairsecrvsnavelticbaman,136
ahadreutwoutascentraisecrvsnavelticbaman,136
haalawnarmenvanscentrisacerusvolticteaat,136
haalawnarmenvanscentrisacerasvolticteaut,136
haanawlarvenvanscentrisacerusmolticteaat,136
haanawlarvenvanscentrisacerasmolticteaut,136
haalawnarmenvanscentairsecrusvolticteaat,136
haanawlarvenvanscentairsecrusmolticteaat,136
haalawnarmenvanscentairsecrasvolticteaut,136
haalawnarmenvanscentraisecrusvolticteaat,136
ahanwaltevenvanscentrisacerasmolticaraut,136
haalawntevenvanscentrisacerusmolticaraat,136
ahanwaalevenvanscentrisacerasmoltictraut,136
ahanwaltevenvanscentrisacerusmolticaraat,136
haalawntemenvanscentrisacerusvolticaraat,136
ahanwaalevenvanscentrisacerusmoltictraat,136
haanwlalavenvanscentrisacerusmoetictraat,136
haalawntevenvanscentrisacerasmolticaraut,136
haalawntemenvanscentrisacerasvolticaraut,136
iaatlalnevenvatscenaristecrusomwachtraan,136
aaitlalnevenvatscenaristecrusomwachtraan,136
iaatlelnavenvatscenaristecrusomwachtraan,136
aaitlelnavenvatscenaristecrusomwachtraan,136
ahadarutwouastcentairsecrvsnavelticbeman,135
ahadarutwoustacentairsecrvsnavelticbeman,135
ahadarutwouastcentrisacervsnavelticbeman,135
ahadarutwoustacentraisecrvsnavelticbeman,135
ahadarutwouastcentraisecrvsnavelticbeman,135
haalernawouastcentairsecrvsnaveltictaman,135
haalernawouastcentraisecrvsnaveltictaman,135
ahauredtwounascentairsecrvsnavelbictamat,135
ahauredtwounascentairsecrvsnavelticbamat,135
ahadarutwounascentairsecrvsnavelticbemat,135
ahauredtwounatcentairsecrvsnavelticbamas,135
ahauredtwounatcentairsecrvsnavelbictamas,135
haatreutwoutascentairsecrvsnavelbicdaman,135
haatreutwoutascentraisecrvsnavelbicdaman,135
haaleratwounascentairsecrvsnavelticnamat,135
haateralwounascentairsecrvsnavelticnamat,135
haatreutwoustacentairsecrvsnavelbicdaman,135
haatreutwouastcentairsecrvsnavelbicdaman,135
ahaleratwounascentairsecrvsnavelticnamat,135
haalernawoutascentairsecrvsnaveltictaman,135
ahaternawounascentairsecrvsnavelticlamat,135
ahaternawounatcentairsecrvsnavelticlamas,135
ahateralwounascentairsecrvsnavelticnamat,135
haateralwounascentraisecrvsnavelticnamat,135
haalrentwoutascentairsecrvsnavelticaaman,135
haaleratwounascentraisecrvsnavelticnamat,135
ahaleratwounascentraisecrvsnavelticnamat,135
ahaternawounascentraisecrvsnavelticlamat,135
haalernawoutascentraisecrvsnaveltictaman,135
haalernawoustacentairsecrvsnaveltictaman,135
ahaternawounatcentraisecrvsnavelticlamas,135
ahaternawounatcentrisacervsnavelticlamas,135
haanreltwoutascentairsecrvsnavelticaaman,135
haalernawoustacentraisecrvsnaveltictaman,135
ahateralwounascentraisecrvsnavelticnamat,135
haalrentwoutascentraisecrvsnavelticaaman,135
haatreutwoustacentraisecrvsnavelbicdaman,135
ahauredtwounascentraisecrvsnavelbictamat,135
ahauredtwounatcentraisecrvsnavelticbamas,135
ahauredtwounascentraisecrvsnavelticbamat,135
ahauredtwounatcentraisecrvsnavelbictamas,135
caiuredtwounascentraisecrvsnavelbahtamat,135
caiuredtwounascentairsecrvsnavelbahtamat,135
caiuredtwounatcentairsecrvsnavelbahtamas,135
caiuredtwounatcentraisecrvsnavelbahtamas,135
ahadarutwounascentraisecrvsnavelticbemat,135
aaitreltwoutascentairsecrvsnavelachnaman,135
iaatreltwoutascentairsecrvsnavelachnaman,135
aaitreltwoustacentraisecrvsnavelachnaman,135
aaitreltwoutascentraisecrvsnavelachnaman,135
iaatreltwoutascentraisecrvsnavelachnaman,135
achtreltwoutascentraisecrvsnavelaainaman,135
chatreltwoutascentairsecrvsnavelaainaman,135
ahalawnarmenvastcentrisacerusvolticteaan,135
haalwanarmenvastcentrisacerusvolticteaan,135
ahalawnarmonvastcentrisacerusvelticteaan,135
haalwanarmonvastcentrisacerusvelticteaan,135
haanwalarmenvastcentrisacerusvolticteaan,135
haanwalarmenvastcentairsecrusvolticteaan,135
haalwanarmenvastcentairsecrusvolticteaan,135
haanawlalvenvanscentairsecrasmorticteaut,135
haanawlalvenvanscentairsecrusmorticteaat,135
haanawlalvenvanscentairsecrasmoetictraut,135
ahalawnarmenvastcentairsecrusvolticteaan,135
ahalawnarmonvastcentairsecrusvelticteaan,135
haalalnawvenvanscentrisacerusmorticteaat,135
ahanwatlemenvanscentrisacerusvolticaraat,135
ahanwatlevenvanscentrisacerasmolticaraut,135
ahanwatlevenvanscentrisacerusmolticaraat,135
ahanwatlemenvanscentrisacerasvolticaraut,135
ahanwaltemenvanscentrisacerusvolticaraat,135
ahanweltamenvanscentrisacerusvolticaraat,135
ahanweltamenvanscentrisacerasvolticaraut,135
haalwatnemenvratcentrisacesusvolticaraan,135
ahanwaltemenvanscentrisacerasvolticaraut,135
haanwatlemenvastcentrisacerusvolticaraan,135
ahanwetlavenvanscentrisacerasmolticaraut,135
ahanwetlavenvanscentrisacerusmolticaraat,135
chatwelnavenvanscentrisacerusmoltiaaraat,135
caitwenlavenvanscentrisacerasmolthaaraut,135
chatwelnavenvanscentrisacerasmoltiaaraut,135
chatwanlevenvanscentrisacerasmoltiaaraut,135
achtwanlemenvanscentrisacerasvoltiaaraut,135
haatwanlemenvastcentrisacerusvolticaraan,135
haatwalnemenvastcentrisacerusvolticaraan,135
chatwenlavenvanscentrisacerasmoltiaaraut,135
achtwalnevenvanscentrisacerasmoltiaaraut,135
chatwanlemenvanscentrisacerusvoltiaaraat,135
chatwanlemenvanscentrisacerasvoltiaaraut,135
chatwelnamenvanscentrisacerusvoltiaaraat,135
chatwaltevenvanscenaristecrusomraainlaat,135
chatraltevenvanscenaristecrusomwaainlaat,135
chatratlevenvanscenaristecrusomwaainlaat,135
chatwetlavenvanscenaristecrusomraainlaat,135
chatwatlevenvanscenaristecrusomraainlaat,135
achtraltevenvanscenaristecrusomwaainlaat,135
achtwaltevenvanscenaristecrusomraainlaat,135
achtwetlavenvanscenaristecrusomraainlaat,135
achtwatlevenvanscenaristecrusomraainlaat,135
achtratlevenvanscenaristecrusomwaainlaat,135
ahantiltavevastneenratsiccrusomfacitwana,134
ahantiltavevatsneenartsiccrusomfacitwana,134
ahantiltavevastneensarticcrusomfacitwana,134
ahantiltavevansteenartsiccrusomfacitwana,134
ahantiltavevansteenratsiccrusomfacitwana,134
ahantiltavevastneenarsticcrusomfacitwana,134
ahantiltavevastneenartsiccrusomfacitwana,134
ahantiltavevansteentrasiccrusomfacitwana,134
ahanwitlavavansteensarticcrusomfacittena,134
ahanwitlavavansteenrasticcrusomfacittena,134
ahanwitlavavansteenratsiccrusomfacittena,134
ahanwitlavavansteenarsticcrusomfacittena,134
ahanwitlavavatsneenartsiccrusomfacittena,134
ahanwitlavavansteenartsiccrusomfacittena,134
ahanwitlavavastneensarticcrusomfacittena,134
ahanwitlavavastneenratsiccrusomfacittena,134
ahanwitlavavastneenartsiccrusomfacittena,134
ahanwitlavavastneenarsticcrusomfacittena,134
ahauredtwouastcentairsecrvsnavelticbaman,134
ahauredtwoustacentairsecrvsnavelticbaman,134
ahadreutwouastcentairsecrvsnavelbictaman,134
ahadreutwoustacentairsecrvsnavelbictaman,134
ahauredtwouastcentraisecrvsnavelticbaman,134
ahadreutwoustacentraisecrvsnavelbictaman,134
ahadreutwouastcentraisecrvsnavelbictaman,134
ahauredtwoustacentraisecrvsnavelticbaman,134
ahauredtwoutascentairsecrvsnavelticbaman,134
ahalernawouastcentraisecrvsnaveltictaman,134
ahalernawouastcentairsecrvsnaveltictaman,134
ahaternawouastcentraisecrvsnavelticlaman,134
ahaternawouastcentairsecrvsnavelticlaman,134
ahaderutwounascentairsecrvsnavelticbamat,134
ahadarutwounascentairsecrvsnavelbictemat,134
ahaderutwounatcentairsecrvsnavelticbamas,134
ahaderutwounascentairsecrvsnavelbictamat,134
ahaderutwounatcentairsecrvsnavelbictamas,134
ahaurebtwounascentairsecrvsnavelticdamat,134
ahaurebtwounatcentairsecrvsnavelticdamas,134
ahadreutwoutascentairsecrvsnavelbictaman,134
haaterutwounascentairsecrvsnavelbicdamat,134
haaterutwounatcentairsecrvsnavelbicdamas,134
ahaterutwounascentairsecrvsnavelbicdamat,134
ahaterutwounatcentairsecrvsnavelbicdamas,134
haaterutwounascentraisecrvsnavelbicdamat,134
ahaterutwounascentraisecrvsnavelbicdamat,134
haaterutwounatcentraisecrvsnavelbicdamas,134
ahaterutwounatcentraisecrvsnavelbicdamas,134
ahaderutwounatcentraisecrvsnavelbictamas,134
ahaderutwounascentraisecrvsnavelbictamat,134
ahaderutwounascentraisecrvsnavelticbamat,134
ahaderutwounatcentraisecrvsnavelticbamas,134
ahadarutwounatcentairsecrvsnavelbictemas,134
ahadarutwounatcentraisecrvsnavelbictemas,134
ahadarutwounascentraisecrvsnavelbictemat,134
ahadreutwoutascentraisecrvsnavelbictaman,134
haaleratwounatcentairsecrvsnavelticnamas,134
haateralwounatcentairsecrvsnavelticnamas,134
haaneralwounascentairsecrvsnaveltictamat,134
haaneralwounatcentairsecrvsnaveltictamas,134
haanaralwounatcentairsecrvsnaveltictemas,134
haaneralwounatcentraisecrvsnaveltictamas,134
haanaralwounascentairsecrvsnaveltictemat,134
ahaleratwounatcentairsecrvsnavelticnamas,134
caiderutwounascentairsecrvsnavelbahtamat,134
caiderutwounatcentairsecrvsnavelbahtamas,134
caidarutwounascentairsecrvsnavelbahtemat,134
caiterutwounatcentairsecrvsnavelbahdamas,134
caiterutwounascentairsecrvsnavelbahdamat,134
ahalernawoutascentairsecrvsnaveltictaman,134
ahateralwounatcentairsecrvsnavelticnamas,134
ahaternawoutascentairsecrvsnavelticlaman,134
haaneratwounatcentairsecrvsnavelticlamas,134
haaneratwounascentairsecrvsnavelticlamat,134
haaleratwounatcentraisecrvsnavelticnamas,134
ahaternawoutascentraisecrvsnavelticlaman,134
haaneratwounascentraisecrvsnavelticlamat,134
haaneratwounatcentraisecrvsnavelticlamas,134
ahaleratwounatcentraisecrvsnavelticnamas,134
ahalernawoutascentraisecrvsnaveltictaman,134
ahaternawoustacentairsecrvsnavelticlaman,134
haateralwounatcentraisecrvsnavelticnamas,134
haaneralwounascentraisecrvsnaveltictamat,134
ahalernawoustacentraisecrvsnaveltictaman,134
ahaternawoustacentraisecrvsnavelticlaman,134
ahateralwounatcentraisecrvsnavelticnamas,134
ahalrentwoutascentraisecrvsnavelticaaman,134
aciderutwounatcentraisecrvsnavelbahtamas,134
aciderutwounascentraisecrvsnavelbahtamat,134
caiderutwounascentraisecrvsnavelbahtamat,134
caiderutwounatcentraisecrvsnavelbahtamas,134
ahaurebtwounatcentraisecrvsnavelticdamas,134
aciderutwounascentairsecrvsnavelbahtamat,134
aciderutwounatcentairsecrvsnavelbahtamas,134
caiterutwounatcentraisecrvsnavelbahdamas,134
caiterutwounascentraisecrvsnavelbahdamat,134
acidarutwounascentraisecrvsnavelbahtemat,134
acidarutwounatcentraisecrvsnavelbahtemas,134
acidarutwounascentairsecrvsnavelbahtemat,134
acidarutwounatcentairsecrvsnavelbahtemas,134
caidarutwounatcentairsecrvsnavelbahtemas,134
caidarutwounascentraisecrvsnavelbahtemat,134
caidarutwounatcentraisecrvsnavelbahtemas,134
caiuredtwoutascentraisecrvsnavelbahtaman,134
caiuredtwoutascentairsecrvsnavelbahtaman,134
acidarutwousoucentairsecaasnavelbahtemvp,134
aciderutwousoucentairsecaasnavelbahtamvp,134
acidarutwousoucentraisecaasnavelbahtemvp,134
aciderutwousoucentraisecaasnavelbahtamvp,134
aciderutwounascentrisacervsnavelbahtamat,134
acidarutwounascentrisacervsnavelbahtemat,134
ahauredtwoutascentraisecrvsnavelticbaman,134
ahalwanarmenvastcentrisacerusvolticteaan,134
ahanwalarmenvastcentrisacerusvolticteaan,134
ahalwanarmonvastcentrisacerusvelticteaan,134
ahanwalalmosvastcentrisacerunveetictraan,134
ahanwalalvenvastcentrisacerusmoetictraan,134
ahanwalarmonvastcentrisacerusvelticteaan,134
ahanwalarvenvanscentrisacerusmolticteaat,134
haanwalarvenvanscentrisacerusmolticteaat,134
ahanwalarvenvanscentrisacerasmolticteaut,134
haanwalarvenvanscentrisacerasmolticteaut,134
haanwalarvenvanscentairsecrusmolticteaat,134
haanwalarvenvanscentairsecrasmolticteaut,134
ahanwalarvenvanscentairsecrusmolticteaat,134
ahanwalarmenvastcentairsecrusvolticteaan,134
ahalwanarmenvastcentairsecrusvolticteaan,134
ahalwantemesvanscentrisacerunvolticaraat,134
ahalwanarmenvratcentrisacesusvolticteaan,134
haanwaalevenvanscenaristecrusmoltictraat,134
haanawalevenvanscentrisacerusmoltictraat,134
haalwantemanvanscentrisacerusvolticareat,134
haalwantemanvanscentrisacerasvolticareut,134
haalwantevanvanscentrisacerasmolticareut,134
haalwantemesvanscentrisacerunvolticaraat,134
haalwantevanvanscentrisacerusmolticareat,134
ahanawalevenvanscentrisacerusmoltictraat,134
haanawalevenvanscentrisacerasmoltictraut,134
ahanawalevenvanscentrisacerasmoltictraut,134
ahalwantevanvanscentrisacerasmolticareut,134
haalwanteoenvanscentrisacerusvalticarmat,134
haalwantemosvanscentrisacerunvelticaraat,134
ahalwantevanvanscentrisacerusmolticareat,134
ahalwantemanvanscentrisacerasvolticareut,134
chatraltevenvanscentrisacerusomwaainlaat,134
chatraltevenvanscentrisacerasomwaainlaut,134
iaatfanlivenvatscenaristecrusomtachtwaan,134
achtwaltevenvanscentsariecrusomraainlaat,134
