achtfintwouposeenristaccuvanavetaailamsa,178
achtfintwouposeneristaccuvanavetaailamsa,178
achtfintwouposeenristaccuvanevataailamsa,178
achtfintwousopeenristaccuvanavetaailamsa,178
achtfintwouposeneristaccuvanevataailamsa,178
achtfintwouposeenritsaccuvanevataailamsa,178
achtfintwouposneeristaccuvanevataailamsa,178
achtfintwouposneeristaccuvanavetaailamsa,178
achtfintwouposeenritsaccuvanavetaailamsa,178
achtfintwousopeneristaccuvanavetaailamsa,178
achtfintwouposeneritsaccuvanevataailamsa,178
achtfintwouposeneritsaccuvanavetaailamsa,178
achtfintwouposeensritaccuvanavetaailamsa,178
achtfintwouposneeritsaccuvanevataailamsa,178
achtfintwousopeenritsaccuvanavetaailamsa,178
achtfintwouposneeritsaccuvanavetaailamsa,178
achtfintwousopeneritsaccuvanevataailamsa,178
achtfintwousopeneritsaccuvanavetaailamsa,178
achtfintwousopeenristaccuvanevataailamsa,178
achtfintwousopeenritsaccuvanevataailamsa,178
achtfintwousopneeritsaccuvanevataailamsa,178
achtfintwousopneeritsaccuvanavetaailamsa,178
achtfintwouposencisartecuvanavetaailamsa,178
achtfintwouposencisartecuvanevataailamsa,178
achtfintwousopeneristaccuvanevataailamsa,178
achtfintwouposneetrisaccuvanevataailamsa,178
achtfintwouposenetrisaccuvanevataailamsa,178
achtfintwousopneeristaccuvanevataailamsa,178
achtfintwouposeenstriaccuvanevataailamsa,178
